wbtv.com,1,2,-1
theoutline.com,1,-1,-1
cbslocal.com,1,1,-1
mitchelladvocate.com,1,1,1
mediamaxnetwork.co.ke,1,-1,-1
vnews.com,1,-1,-1
wthitv.com,-1,1,1
winsfordguardian.co.uk,-1,1,-1
musicconnection.com,2,-1,-1
hapakenya.com,1,-1,-1
muraselon.com,1,-1,-1
english.sta.si,1,-1,-1
101x.com,1,1,-1
gamerevolution.com,1,-1,-1
kvue.com,1,1,1
footwearnews.com,1,1,-1
sde.co.ke,2,-1,1
myjoyonline.com,2,1,1
vanityfair.com,1,1,-1
kut.org,1,-1,-1
thelocal.dk,1,1,1
ballotpedia.org,-1,1,-1
udm.org.za,2,-1,-1
diyweek.net,2,-1,-1
highrivertimes.com,-1,1,1
wmtw.com,-1,1,-1
thecharlottepost.com,2,-1,-1
wsaz.com,1,1,-1
parkeschampionpost.com.au,-1,1,-1
cd1059.com,1,1,1
jsp.co.uk,1,-1,-1
adamcarolla.com,2,-1,-1
rappler.com,1,1,1
centexproud.com,-1,1,-1
wctv.tv,1,1,-1
topspeed.com,-1,1,-1
vh1.com,1,1,-1
hawaiinewsnow.com,1,1,-1
knoe.com,1,1,-1
wccftech.com,1,1,-1
techgadgetcentral.com,1,1,-1
bramptonguardian.com,-1,1,1
majalla.com,2,-1,-1
gbtimes.com,1,-1,-1
soapsindepth.com,-1,1,-1
brushnewstribune.com,2,-1,-1
nola.com,1,1,1
houstontexans.com,-1,1,-1
liveleak.com,1,-1,-1
texastribune.org,-1,-1,1
nashfm1065.com,-1,-1,1
wibw.com,1,1,1
tweeddailynews.com.au,1,1,1
hankfm.com,-1,1,1
parisguardian.com,2,-1,-1
financialexpress.com,1,1,-1
sgu.edu,1,-1,-1
delmarvapublicradio.net,2,-1,-1
icflorida.com,-1,1,-1
courierpostonline.com,1,1,1
whas11.com,1,1,1
aspendailynews.com,-1,-1,1
lifehacker.com.au,1,1,-1
qctimes.com,-1,1,-1
thenewswheel.com,1,1,-1
worldbank.org,1,1,1
rock101.com,1,1,-1
reporternews.com,-1,1,1
exhibitionworld.co.uk,1,-1,-1
ngnews.ca,1,-1,-1
osundefender.com,2,-1,-1
thepropertypin.com,3,-1,-1
azcentral.com,1,1,1
wowktv.com,-1,1,-1
presstv.com,1,2,-1
watoday.com.au,1,-1,-1
astreaminlife.com,1,-1,-1
rightwingwatch.org,1,-1,-1
oliveoiltimes.com,-1,1,-1
dailygazette.com,-1,1,-1
yahoo.com,1,1,-1
loadoutroom.com,1,-1,-1
wlrfm.com,-1,1,-1
mymix1079.com,1,-1,-1
wearable-technologies.com,1,-1,-1
womenshealthmag.com,-1,1,-1
pressparty.com,1,-1,-1
matthewtoffolo.com,1,-1,-1
backstage.com,2,-1,-1
autoindustriya.com,2,-1,-1
meduza.io,1,-1,-1
nan.ng,4,4,-1
shareably.net,1,-1,-1
grapevine.is,1,-1,-1
destinyconnect.com,1,1,-1
nondoc.com,1,-1,-1
africaleader.com,2,-1,-1
irishsun.com,2,-1,-1
tntmagazine.com,1,-1,-1
dynamicbusiness.com.au,2,-1,-1
chymfm.com,-1,1,-1
wutc.org,1,-1,-1
courierpress.com,-1,1,-1
sdpb.org,1,-1,-1
stroudnewsandjournal.co.uk,-1,1,-1
ladysmithgazette.co.za,1,-1,-1
vanyaland.com,1,1,-1
mamamia.com.au,-1,1,1
hawkesburygazette.com.au,1,1,-1
academia.org,2,-1,-1
pcgamer.com,-1,1,-1
iheart.com,1,1,1
mortgagesolutions.co.uk,-1,1,-1
maximumfun.org,1,-1,-1
rewind1009.com,1,-1,-1
thesource.com,1,1,-1
wiltshirebusinessonline.co.uk,1,1,-1
khay.com,-1,-1,1
argentinastar.com,2,-1,-1
aspeninstitute.org,1,1,-1
abc7chicago.com,1,1,-1
krcu.org,1,-1,-1
enfieldindependent.co.uk,-1,1,-1
shropshirelive.com,-1,1,-1
journalpioneer.com,1,-1,-1
963bigfm.com,1,1,-1
revengeofthebirds.com,-1,1,-1
tribuneonlineng.com,2,1,-1
nta.ng,2,-1,-1
truthdig.com,1,1,-1
pressconnects.com,1,1,1
gilroydispatch.com,1,-1,-1
balonnebeacon.com.au,-1,1,-1
asiaone.com,1,1,-1
thedailybeast.com,1,-1,-1
kickn1035.com,1,-1,-1
995qyk.com,1,1,-1
bobatthebeach.com,1,-1,-1
bluebirdbanter.com,-1,1,-1
grahamcluley.com,-1,1,-1
bollywoodlife.com,1,1,1
skepticalscience.com,1,-1,-1
demingheadlight.com,1,1,1
surreynowleader.com,-1,1,-1
indystar.com,1,1,1
jg-tc.com,1,1,-1
autoevolution.com,-1,1,-1
wedg.com,1,-1,-1
allkpop.com,2,1,-1
vision.org.au,1,-1,-1
citizen-times.com,1,1,-1
nantonnews.com,-1,1,1
sitnews.us,1,-1,-1
beachconnection.net,1,-1,-1
weku.fm,1,-1,-1
cw33.com,1,1,-1
sailing.org,2,-1,-1
democraticunderground.com,1,1,-1
cosmopolitan.com,-1,1,-1
arabherald.com,2,-1,-1
cbs17.com,-1,1,-1
joeam.com,3,1,-1
techxplore.com,1,-1,-1
kvoa.com,1,1,-1
droid-life.com,1,-1,-1
thedefensepost.com,-1,1,-1
telecoms.com,-1,1,-1
whqr.org,1,-1,-1
songlines.co.uk,1,-1,-1
pointemagazine.com,2,-1,-1
channel4000.com,1,1,-1
newbostonpost.com,-1,1,-1
postindependent.com,-1,-1,1
etonline.com,1,1,-1
furnituretoday.com,2,-1,-1
wsbradio.com,-1,1,-1
977theriver.com,1,-1,-1
jewlicious.com,1,-1,-1
glamour.com,-1,1,-1
kait8.com,1,-1,-1
worldofbuzz.com,1,1,-1
kmvt.com,1,1,-1
liverpoolfc.com,1,-1,-1
brooklyndaily.com,1,-1,-1
washingtonblade.com,1,1,1
thegauntlet.ca,-1,1,-1
wdtprs.com,1,1,-1
dignited.com,-1,1,-1
sapeople.com,1,1,-1
order-order.com,2,-1,-1
portnews.com.au,1,1,-1
melfortjournal.com,-1,-1,1
tahoedailytribune.com,-1,1,-1
amityunderground.com,-1,1,-1
abc7news.com,1,1,-1
jconline.com,1,1,-1
theindependent.com,1,1,1
phantis.com,1,-1,-1
the-leaky-cauldron.org,-1,1,-1
gladstoneobserver.com.au,1,1,1
capecodtoday.com,1,-1,1
irinnews.org,1,-1,-1
dailygrail.com,-1,1,-1
desmoinesregister.com,-1,1,1
westherald.com,1,-1,-1
maltatoday.com.mt,1,1,1
bluemountainsgazette.com.au,1,1,-1
kfor.com,1,1,-1
dailyorange.com,1,-1,-1
verdenews.com,1,-1,-1
smoothradio.com,1,1,-1
floppingaces.net,1,1,-1
boomerandecho.com,1,1,-1
techexplorist.com,1,-1,-1
theindependent.co.zw,-1,-1,1
watfordobserver.co.uk,-1,1,-1
snntv.com,2,1,-1
edgeprop.sg,2,-1,-1
timesofisrael.com,1,1,1
file770.com,1,1,-1
shakesville.com,-1,1,-1
techpp.com,1,1,-1
easternontarionetwork.com,-1,1,-1
cntraveller.in,2,1,-1
chicagodefender.com,-1,1,-1
ucobserver.org,-1,1,-1
thurrockgazette.co.uk,-1,1,-1
theheraldtimes.com,1,-1,-1
ashcroftcachecreekjournal.com,-1,1,-1
wden.com,-1,-1,1
theartsdesk.com,1,-1,-1
filmymantra.com,-1,1,-1
mdjonline.com,1,-1,-1
ricksteves.com,1,-1,-1
q100atlanta.com,-1,1,-1
eightysixforever.com,-1,1,-1
state.gov,2,-1,-1
globalvoices.org,1,1,1
capegazette.com,1,-1,-1
1170kfaq.com,1,1,1
independent.com.mt,1,1,-1
news-press.com,1,1,1
austinchronicle.com,1,-1,-1
newsday.co.zw,-1,-1,1
tvguide.com,1,1,-1
starcommunity.com.au,1,-1,-1
ckbw.ca,-1,1,-1
thetacticalwire.com,1,-1,-1
tpr.org,2,-1,-1
clubofmozambique.com,-1,1,-1
theconstructionindex.co.uk,1,-1,-1
curbed.com,-1,1,-1
worldjewishcongress.org,1,-1,-1
padi.com,1,-1,-1
wispolitics.com,1,-1,-1
bridgwatermercury.co.uk,-1,1,-1
acp.int,2,-1,-1
countytimes.co.uk,-1,1,-1
wordpress.com,2,2,2
sknr.net,1,-1,-1
energeticcity.ca,-1,1,1
sctimes.com,1,1,1
lovinmalta.com,1,1,1
scmagazineuk.com,1,-1,-1
scetv.org,1,-1,-1
kjct8.com,1,1,-1
shockya.com,1,-1,-1
2paragraphs.com,1,1,-1
tivysideadvertiser.co.uk,-1,1,-1
ludlowadvertiser.co.uk,1,1,-1
pmnewsnigeria.com,-1,1,-1
staradvertiser.com,1,1,-1
iied.org,1,1,-1
khovar.tj,2,-1,-1
wilx.com,1,1,1
freemalaysiatoday.com,1,-1,-1
londonlovesbusiness.com,-1,1,-1
aaj.tv,-1,1,-1
aleteia.org,1,1,-1
livekindly.co,-1,1,-1
bbg.gov,-1,1,-1
gponline.com,-1,1,-1
moneytalksnews.com,1,-1,-1
ecr.co.za,1,1,-1
virginradio.co.uk,1,-1,-1
agaunews.com,1,-1,-1
thepeninsulaqatar.com,-1,1,-1
euractiv.com,1,1,-1
azthebeat.com,2,-1,-1
officer.com,1,1,-1
firefightingnews.com,1,-1,-1
ansionnachfionn.com,1,-1,-1
scallywagandvagabond.com,1,1,1
hongkongherald.com,2,-1,-1
thedailyvox.co.za,-1,1,-1
generocity.org,-1,1,-1
singaporestar.com,2,-1,-1
919thebend.ca,-1,1,1
itnewsafrica.com,2,1,-1
bereamail.co.za,-1,1,-1
weathernationtv.com,1,1,-1
margaretrivermail.com.au,1,-1,-1
hubspot.com,1,1,-1
heraldonline.com,1,1,1
cbs7.com,1,1,1
graphic.com.gh,1,1,1
washingtonsblog.com,1,-1,-1
thecoastguard.ca,1,-1,-1
kxly.com,1,1,-1
electronicintifada.net,1,1,-1
focustaiwan.tw,-1,-1,1
classiccountry1070.com,1,1,1
blogspot.com,2,2,2
radionz.co.nz,1,1,-1
mining-journal.com,1,-1,-1
gamesradar.com,-1,1,-1
maurice-info.mu,1,-1,-1
mrctv.org,1,1,-1
630wpro.com,1,-1,1
wessexscene.co.uk,1,1,-1
wpgu.com,1,-1,-1
cambodiantimes.com,2,-1,-1
otakuusamagazine.com,1,1,-1
mixedmartialarts.com,1,-1,-1
dhakatribune.com,1,1,1
citylab.com,-1,1,-1
lovindublin.com,-1,1,-1
pwinsiderxtra.com,1,-1,-1
govtech.com,-1,-1,1
freepressjournal.in,1,1,-1
reviewthisreviews.com,1,-1,-1
talkandroid.com,1,-1,-1
dailyhive.com,1,1,-1
nagariknetwork.com,1,-1,-1
ktnv.com,1,1,1
hirunews.lk,1,-1,-1
animationmagazine.net,2,-1,-1
adelove.com,2,-1,-1
thefutoncritic.com,1,-1,-1
pal-item.com,-1,1,1
wtop.com,1,1,-1
prima.co.uk,-1,1,-1
unhashed.com,1,1,-1
iccwbo.org,-1,1,-1
africa.com,1,-1,-1
thenewslens.com,-1,1,-1
country94.ca,-1,1,1
dailythunder.com,-1,1,-1
kbull93.com,-1,-1,1
popularresistance.org,-1,-1,1
411mania.com,1,1,1
bigislandnow.com,1,-1,-1
afghanistansun.com,2,-1,-1
kulr8.com,1,1,-1
aol.co.uk,-1,1,1
590amtheword.com,1,-1,-1
inquirer.net,1,1,-1
wmbgradio.com,2,-1,-1
mil.gov.ua,1,-1,-1
cochranetimespost.ca,-1,-1,1
heraldscotland.com,1,1,1
mg.co.za,1,1,-1
wbru.com,1,-1,-1
globalcitizen.org,1,1,1
alabamawx.com,2,1,-1
kanw.com,1,-1,-1
grandforksgazette.ca,1,1,1
kcisradio.com,1,-1,-1
warringtonguardian.co.uk,1,1,-1
i4u.com,2,1,-1
ferret.com.au,1,-1,-1
insead.edu,1,-1,-1
cornwallfreenews.com,1,1,-1
fxempire.com,1,-1,-1
ipswichstar.co.uk,1,1,1
globalatlanta.com,-1,-1,1
christianpost.com,1,1,1
starrfmonline.com,-1,1,-1
knek.com,1,-1,-1
southcarolinapublicradio.org,1,-1,-1
romea.cz,1,-1,-1
canoe.com,1,1,-1
oxfordmail.co.uk,-1,1,-1
theadvocate.com,1,1,-1
khaosodenglish.com,2,-1,1
windowscentral.com,1,1,-1
horror-movies.ca,1,-1,-1
cootamundraherald.com.au,1,1,-1
houstoniamag.com,-1,-1,1
teenvogue.com,1,1,-1
livingstondaily.com,1,1,1
savethechildren.org.uk,1,1,-1
kscs.com,-1,-1,1
arabianbusiness.com,1,1,-1
advpulse.com,1,-1,-1
massispost.com,1,-1,-1
wkms.org,1,-1,-1
woub.org,1,-1,-1
spectator.sme.sk,1,-1,-1
sbs.com.au,1,1,1
georgeherald.com,1,-1,-1
kgwn.tv,1,1,-1
businessinsider.com.au,1,1,-1
sescoops.com,1,-1,-1
parade.com,1,-1,-1
alaraby.co.uk,1,1,-1
ipswichadvertiser.com.au,1,1,1
forbesindia.com,-1,1,-1
barrons.com,-1,1,-1
asdnews.com,1,-1,-1
wnd.com,-1,1,-1
vivelerock.net,1,-1,-1
starcasm.net,1,1,-1
gamasutra.com,1,-1,-1
mexiconewsdaily.com,-1,1,-1
chronicle.gi,1,-1,-1
inform.kz,1,-1,-1
yaktrinews.com,1,1,-1
wingingitinmotown.com,-1,1,-1
thecourier.co.uk,1,1,-1
premiumtimesng.com,2,1,-1
barbadostoday.bb,1,-1,-1
zocalopublicsquare.org,1,-1,-1
q102.ie,1,1,-1
ominecaexpress.com,-1,1,1
wjct.org,1,1,-1
northwichguardian.co.uk,-1,1,-1
inc.com,1,1,-1
theloadstar.co.uk,1,-1,-1
hppr.org,1,1,-1
mt.gov,2,-1,-1
hulldailymail.co.uk,-1,1,-1
capradio.org,1,1,1
dancemusicnw.com,1,-1,-1
delraynewspaper.com,-1,-1,2
missoulian.com,1,1,-1
guyraargus.com.au,1,1,-1
chron.com,1,1,1
restaurantmagazine.com,1,-1,-1
pressofatlanticcity.com,1,1,1
ktvh.com,1,-1,-1
ldsliving.com,1,-1,-1
europeanbusinessreview.com,-1,-1,2
khits.fm,1,1,1
kuaf.com,1,-1,-1
jckonline.com,-1,1,-1
marketingdive.com,1,-1,-1
internationalbanker.com,1,-1,-1
ucla.edu,1,-1,-1
newscorpse.com,-1,1,-1
wshu.org,1,-1,-1
theguardian.com,1,-1,1
cochranetimes.com,1,1,1
leftlanenews.com,1,1,-1
helpage.org,2,-1,-1
kktv.com,1,1,1
popularmilitary.com,1,-1,-1
richmondmagazine.com,-1,-1,1
wkbkradio.com,1,1,-1
udel.edu,1,-1,-1
propertyindustryeye.com,-1,1,-1
rock102.com,1,-1,-1
artshub.com.au,1,-1,-1
people.com,1,1,-1
timeslive.co.za,2,1,-1
dailydot.com,1,1,-1
standardmedia.co.ke,1,1,-1
ccn.com,1,1,-1
apr.org,2,-1,-1
k99.com,-1,-1,1
pappaspost.com,-1,1,-1
easttexasmatters.com,1,1,1
newschannel10.com,1,1,-1
redbrick.me,1,-1,-1
marilynstowe.co.uk,1,-1,-1
hothardware.com,1,1,-1
seroundtable.com,2,1,-1
gq.co.za,-1,1,-1
malaysiakini.com,-1,1,1
highwaysmagazine.co.uk,2,-1,-1
fijivillage.com,1,-1,1
theyucatantimes.com,1,-1,-1
mcclatchydc.com,-1,1,-1
alamogordonews.com,1,1,1
panampost.com,-1,1,-1
warwickadvertiser.com,2,-1,-1
ksbw.com,-1,1,-1
themoderatevoice.com,1,1,-1
canberratimes.com.au,1,-1,-1
entertainment.ie,2,1,1
brighterkashmir.com,2,-1,-1
africanbrains.net,2,-1,-1
janes.com,1,-1,-1
cjr.org,-1,1,-1
cjoy.com,1,1,-1
aspentimes.com,-1,1,1
fremonttribune.com,1,-1,-1
nkytribune.com,1,-1,-1
streetsblog.org,1,1,-1
prisonplanet.com,1,1,-1
middlewichguardian.co.uk,-1,1,-1
seibertron.com,1,-1,-1
thestage.co.uk,-1,1,-1
aaas.org,1,-1,-1
india.com,1,1,-1
froggy929.com,1,-1,-1
southerngazette.ca,1,-1,-1
kuer.org,1,1,1
gazetteandherald.co.uk,-1,1,-1
edf.org,1,-1,-1
nashfm969.com,-1,-1,1
racingpost.com,1,-1,-1
politico.com,-1,1,-1
clemson.edu,1,-1,-1
manchestereveningnews.co.uk,-1,1,-1
forwardpress.in,1,-1,-1
unrefugees.org,1,-1,-1
siliconera.com,1,-1,-1
woad.com,1,-1,-1
newschannel5.com,1,1,1
thevalleydispatch.com,1,-1,-1
bpr.org,2,-1,-1
timesreview.com,1,-1,-1
strategic-culture.org,2,-1,-1
radioislam.org.za,-1,1,-1
newsblaze.com,1,-1,-1
nashfm1071.com,-1,-1,1
jewishpress.com,1,1,-1
mydallaspost.com,2,-1,-1
1029nashicon.com,-1,1,1
telesurtv.net,1,1,1
sierrawave.net,2,-1,-1
swarajyamag.com,1,1,-1
sleepreviewmag.com,1,-1,-1
storybench.org,-1,2,-1
machinedesign.com,1,-1,-1
cgdev.org,1,-1,-1
thenorwester.ca,1,-1,-1
nownews.com,1,-1,-1
armytimes.com,-1,1,-1
cincyjungle.com,1,-1,-1
offbeat.com,1,-1,-1
thewesternstar.com,1,-1,-1
techdirt.com,1,1,-1
bridportnews.co.uk,-1,1,-1
fanbolt.com,1,-1,-1
punchng.com,-1,1,-1
toucharcade.com,1,-1,-1
byronnews.com.au,1,1,1
enterstageright.com,1,-1,-1
wendyweekendgourmet.com,1,-1,-1
popularairsoft.com,1,-1,-1
ballinaadvocate.com.au,1,1,1
moneycontrol.com,1,1,1
fonearena.com,2,1,-1
seatrade-maritime.com,1,-1,-1
cogwriter.com,-1,1,-1
93x.com,-1,-1,1
ohmidog.com,1,-1,-1
wate.com,-1,1,1
bocamag.com,1,-1,-1
baxterbulletin.com,1,1,-1
lehighvalleylive.com,-1,1,-1
petergreenberg.com,1,-1,-1
renewamerica.com,1,-1,-1
motor1.com,1,-1,-1
labroots.com,1,-1,-1
obj.ca,1,1,-1
kiwaradio.com,-1,-1,1
globalcoinreport.com,1,2,-1
jerseyeveningpost.com,-1,1,-1
tabletmag.com,-1,1,-1
azpbs.org,1,-1,-1
standard-freeholder.com,1,-1,1
campbellrivermirror.com,1,1,1
nwaonline.com,1,-1,-1
guns.com,1,1,-1
redditchadvertiser.co.uk,-1,1,-1
whotv.com,1,1,-1
elitedaily.com,-1,1,-1
guelphmercury.com,-1,1,-1
interfax.com.ua,1,-1,-1
waer.org,1,-1,-1
northjersey.com,1,1,1
biznews.com,1,1,-1
marketingland.com,2,1,-1
infowars.com,2,1,-1
ign.com,-1,1,-1
meniscuszine.com,1,-1,-1
themobileindian.com,2,1,-1
tytnetwork.com,-1,1,-1
defense-aerospace.com,-1,1,-1
familyvaluesradio1010.com,1,-1,-1
nvi.com.au,-1,1,-1
oclc.org,1,-1,-1
itbusiness.ca,1,1,-1
nbc29.com,-1,1,-1
kxl.com,1,-1,-1
bordertelegraph.com,1,1,1
collective-evolution.com,2,-1,-1
kiiitv.com,1,1,1
jammin983.com,1,-1,-1
vanderbilt.edu,2,-1,-1
citypages.com,1,1,-1
channelstv.com,1,1,-1
whsv.com,1,1,-1
traveller24.com,1,1,-1
nationalmemo.com,1,1,-1
soompi.com,-1,1,-1
businessinsider.my,-1,1,-1
voice-online.co.uk,1,1,-1
edmsauce.com,2,-1,-1
thespun.com,-1,1,-1
nocamels.com,1,1,1
asiatoday.com,2,-1,-1
104star.com,1,1,1
1037thebuzz.com,2,-1,-1
androidcommunity.com,1,1,-1
aircrap.org,1,-1,-1
suttonguardian.co.uk,-1,1,-1
news-sentinel.com,1,1,1
centredaily.com,1,1,1
mymmanews.com,1,-1,-1
undark.org,1,-1,-1
trustedreviews.com,1,1,-1
96fm.ie,1,1,-1
mtstandard.com,1,-1,-1
theboltonnews.co.uk,-1,1,-1
edgarcountywatchdogs.com,1,-1,-1
time.com,1,1,-1
peconicpublicbroadcasting.org,1,-1,-1
missioncityrecord.com,1,1,1
983thesnake.com,-1,-1,1
msstate.edu,1,-1,-1
wfpl.org,-1,1,-1
sana.sy,1,-1,-1
mathrubhumi.com,1,-1,-1
dumbartonreporter.co.uk,-1,1,1
marieclaire.co.za,-1,1,-1
kpsu.org,1,-1,-1
irishtimes.com,1,1,-1
spindlemagazine.com,1,-1,-1
extratime.ie,1,-1,-1
capetalk.co.za,1,1,-1
sify.com,1,1,-1
experiencetheskies.com,1,-1,-1
vcstar.com,1,1,1
thefishoc.com,1,-1,-1
theinsider.ug,1,-1,-1
popsugar.com,1,1,-1
recorder.ca,-1,-1,1
icrc.org,1,-1,-1
aptnnews.ca,-1,1,-1
frasercoastchronicle.com.au,-1,1,-1
thetowntalk.com,-1,1,1
outbreaknewstoday.com,1,-1,-1
healthcaredive.com,-1,1,-1
lifeboat.com,1,-1,-1
networknorwich.co.uk,1,-1,-1
agweb.com,1,1,1
whmp.com,1,-1,-1
palmbeachpost.com,-1,1,-1
theprogressnews.com,1,-1,-1
nashfm947.com,-1,-1,1
malverngazette.co.uk,-1,1,-1
937nashicon.com,-1,-1,1
thenigerianvoice.com,1,-1,-1
missoulacurrent.com,1,-1,-1
kasu.org,1,-1,-1
caradvice.com.au,1,-1,-1
thv11.com,1,1,1
klfy.com,-1,1,-1
dayafterindia.com,2,-1,-1
vijesti.hrt.hr,-1,1,-1
kbc.co.ke,1,1,-1
thejesuitpost.org,-1,1,-1
smokeroom.com,1,1,-1
globalmeatnews.com,1,-1,-1
nintendoenthusiast.com,1,-1,-1
thehindu.com,1,1,-1
kristv.com,1,-1,-1
gcn.ie,1,1,-1
eurogamer.net,1,1,-1
howtogeek.com,-1,1,-1
geekologie.com,1,-1,-1
987wink.com,1,-1,-1
dirtywheel.com,1,-1,-1
14news.com,-1,1,-1
dankennedy.net,1,-1,-1
foodnavigator-asia.com,-1,1,-1
camdenadvertiser.com.au,1,1,-1
techstory.in,1,-1,-1
politicususa.com,1,1,1
wtnh.com,-1,1,1
thebogotapost.com,1,1,-1
teapartytribune.com,-1,1,-1
wtsp.com,1,1,1
mmo-champion.com,1,-1,-1
concisenews.global,-1,1,-1
ringsidereport.com,2,-1,-1
wiscnews.com,1,-1,-1
nzherald.co.nz,1,1,1
jaworznianin.pl,1,-1,-1
kare11.com,1,1,1
timesofsandiego.com,1,1,-1
theinterrobang.com,1,1,-1
clickondetroit.com,1,1,1
vernonmorningstar.com,1,1,1
wyomingpublicmedia.org,1,1,-1
desertsun.com,-1,1,-1
statesman.com,1,1,1
237online.com,2,-1,-1
wpbf.com,-1,1,-1
x929.ca,1,-1,-1
cltv.com,-1,1,-1
townandcountrymagazine.com.au,1,1,-1
chrisd.ca,1,1,-1
spectator.co.uk,1,1,-1
dorsetecho.co.uk,-1,1,-1
dudleynews.co.uk,-1,1,-1
cleveland19.com,1,1,-1
sowetanlive.co.za,1,1,-1
rochdaleonline.co.uk,1,-1,-1
thedubrovniktimes.com,1,-1,-1
playbill.com,1,-1,-1
newswise.com,1,-1,-1
winonadailynews.com,1,1,1
oregonlive.com,1,1,1
zerohedge.com,1,1,1
thenews.pl,-1,1,-1
yallpolitics.com,-1,1,-1
country105.com,-1,1,-1
novinite.com,1,-1,-1
wareable.com,1,-1,-1
thedomains.com,-1,1,-1
advertiser.ie,1,-1,-1
ctvnews.ca,-1,1,-1
thedailyrecord.com,-1,1,-1
thewashingtonstandard.com,1,-1,-1
studyinternational.com,-1,1,-1
classicrock961.com,-1,-1,1
gattonstar.com.au,1,1,1
clevescene.com,1,-1,-1
uclh.nhs.uk,-1,1,-1
wlky.com,-1,1,-1
backwaterflyfishing.com,1,-1,-1
thecommonsenseshow.com,1,-1,-1
euromedmonitor.org,1,-1,-1
theday.com,1,-1,-1
socialnewsdaily.com,1,1,1
heritage.org,1,-1,-1
thebulletin.org,1,1,-1
fresnobee.com,1,1,1
indiegamewebsite.com,1,-1,-1
channel24.co.za,1,1,-1
dfnionline.com,1,-1,-1
my921.ca,-1,1,-1
oilprice.com,-1,1,-1
hawaii.edu,1,-1,-1
fortsaskatchewanrecord.com,1,1,1
more961.com,1,-1,-1
barfblog.com,2,2,-1
thedrive.com,1,-1,-1
abc57.com,1,1,-1
motherearthnews.com,2,-1,-1
chesterstandard.co.uk,-1,1,-1
coloradofoic.org,-1,1,-1
3wv.com,1,-1,-1
todayfm.com,-1,1,1
cbs.nl,2,-1,-1
fromthegrapevine.com,-1,1,-1
newswars.com,1,-1,-1
handheldplayers.com,1,-1,-1
ypradio.org,1,-1,-1
stargazette.com,1,1,1
asianews.it,1,-1,-1
nexgenhearing.com,2,-1,-1
prowrestling.net,1,-1,-1
indiatimes.com,-1,1,1
lancastereaglegazette.com,1,1,1
theglobeandmail.com,-1,1,-1
esellercafe.com,1,-1,-1
mailtimes.com.au,1,1,-1
hackneygazette.co.uk,1,-1,-1
sheboyganpress.com,1,1,-1
osservatoreromano.va,2,-1,-1
jacksonsun.com,1,1,1
areanews.com.au,-1,1,-1
shemazing.net,-1,1,1
asbestos.com,-1,1,-1
huffingtonpost.co.za,1,1,1
thestate.com,1,1,-1
askmen.com,-1,1,-1
care2.com,1,-1,-1
huhmagazine.co.uk,-1,1,-1
wfmt.com,1,-1,-1
cyprus-property-buyers.com,1,-1,-1
littlevillagemag.com,1,1,1
charismamag.com,1,-1,-1
dothaneagle.com,1,-1,-1
torontolife.com,-1,1,-1
whitenationnetwork.com,2,-1,-1
b945live.com,1,-1,-1
somersetcountygazette.co.uk,-1,1,-1
dominicanewsonline.com,2,-1,-1
thefirstnews.com,1,-1,-1
traveldaily.com.au,2,-1,-1
dailycal.org,1,-1,-1
mountvernonnews.com,1,-1,-1
whatcar.com,1,-1,-1
theartnewspaper.com,-1,1,-1
wvax.com,1,-1,-1
quesnelobserver.com,1,1,1
insiderzim.com,1,-1,-1
krro.com,1,-1,-1
youredm.com,1,1,1
dynamitenews.com,-1,1,-1
chalkbeat.org,-1,1,-1
pinkbike.com,1,-1,-1
counton2.com,-1,1,1
arizona.edu,2,-1,-1
halifaxexaminer.ca,-1,1,-1
interlochenpublicradio.org,1,1,-1
mil-embedded.com,1,-1,-1
kob.com,1,1,1
federalnewsradio.com,-1,-1,1
cnc3.co.tt,1,-1,-1
aldianews.com,1,1,1
coloradodaily.com,2,-1,-1
ttu.edu,2,-1,-1
coloradostar.com,2,-1,-1
japantoday.com,1,-1,-1
singletonargus.com.au,1,1,-1
swlondoner.co.uk,1,-1,-1
imbibemagazine.com,2,-1,-1
counterjihadreport.com,1,1,-1
jonathanturley.org,1,-1,-1
syfy.com,1,-1,-1
guardian.ng,1,1,-1
beyondmeds.com,2,-1,-1
maritime-executive.com,1,-1,-1
wuky.org,1,-1,-1
dougpowers.com,-1,1,-1
itbusinessnet.com,1,-1,-1
kidderminstershuttle.co.uk,-1,1,-1
twtd.co.uk,1,1,-1
runwaygirlnetwork.com,-1,1,-1
cairnsnews.org,2,-1,-1
thetottenhamindependent.co.uk,-1,1,-1
bajanreporter.com,1,-1,-1
saltlakecitysun.com,2,-1,-1
dawn.com,1,1,-1
tvtonight.com.au,-1,1,-1
islamicinvitationturkey.com,1,-1,-1
busseltonmail.com.au,1,-1,-1
informationng.com,-1,1,-1
wilmingtonjournal.com,2,-1,-1
wyff4.com,-1,1,-1
breakingenergy.com,1,-1,-1
loyaltylobby.com,1,-1,-1
theaureview.com,1,-1,-1
pleasekillme.com,2,-1,-1
dslreports.com,1,-1,-1
digitaljournal.com,1,1,-1
newsie.co.nz,1,-1,-1
updatesnews.com,-1,1,-1
knowridge.com,1,-1,-1
theboxhouston.com,1,1,-1
flaglerlive.com,1,-1,-1
celebrityinsider.org,-1,1,-1
nextbigfuture.com,1,1,-1
90min.in,-1,1,-1
desmogblog.com,-1,1,-1
offiziere.ch,1,1,-1
dnj.com,1,1,1
comicbookmovie.com,1,-1,-1
kimberleybulletin.com,-1,1,1
kron4.com,1,1,1
rep-am.com,1,-1,-1
nerdist.com,1,1,-1
newsworldindia.in,-1,1,-1
wtvr.com,1,1,-1
torontotelegraph.com,2,-1,-1
trinidadtimes.com,2,-1,-1
oklahomastar.com,2,-1,-1
